term,severity
behosh,critical
behos,critical
bihosh,critical
बेहोश,critical
unconscious,critical
hosh nahi,critical
hosh me nahi,critical
होश नहीं,critical
saans nahi,critical
sans nahi,critical
saans nahi aa rahi,critical
saans nahi aa raha,critical
saans lene me takleef,critical
saans phool rahi,urgent
सांस नहीं,critical
साँस नहीं,critical
सांस नहीं आ रही,critical
सांस लेने में तकलीफ,critical
can't breathe,critical
cannot breathe,critical
not breathing,critical
breathing problem,critical
chest pain,critical
cheast pain,critical
seene me dard,critical
seene mein dard,critical
sine me dard,critical
chhati me dard,critical
सीने में दर्द,critical
छाती में दर्द,critical
heart attack,critical
hart attack,critical
dil ka daura,critical
दिल का दौरा,critical
हार्ट अटैक,critical
accident,critical
acident,critical
accedent,critical
एक्सीडेंट,critical
durghatna,critical
दुर्घटना,critical
khoon beh raha,critical
khoon bah raha,critical
khoon nikal raha,critical
bahut khoon,critical
खून बह रहा,critical
bleeding,critical
heavy bleeding,critical
daura pada,critical
daura padh gaya,critical
दौरा पड़ा,critical
mirgi,critical
मिर्गी,critical
fit aa gaya,critical
fits,critical
seizure,critical
zeher kha liya,critical
jahar kha liya,critical
zehar,critical
jahar,critical
जहर,critical
ज़हर,critical
poison,critical
keetnashak,critical
jal gaya,critical
jal gayi,critical
जल गया,critical
जल गई,critical
burn,critical
burnt,critical
aag lag gayi,critical
delivery pain,critical
labour pain,critical
labor pain,critical
prasav peeda,critical
dard shuru ho gaye,urgent
प्रसव पीड़ा,critical
pani ki thaili phat gayi,critical
stroke,critical
lakwa,critical
lakwa maar gaya,critical
लकवा,critical
muh tedha,critical
saanp ne kata,critical
sanp ne kata,critical
snake bite,critical
सांप ने काटा,critical
साँप,critical
kutte ne kata,urgent
dog bite,urgent
कुत्ते ने काटा,urgent
suicide,critical
aatmhatya,critical
khudkushi,critical
आत्महत्या,critical
doob gaya,critical
drowning,critical
डूब गया,critical
current laga,critical
bijli ka jhatka,critical
करंट लगा,critical
sir me chot,critical
sir par chot,critical
सिर में चोट,critical
gir gaye,urgent
gir gaya,urgent
emergency,critical
emergancy,critical
इमरजेंसी,critical
bahut serious,critical
hosh kho,critical
