alias,pin_code,location_name,location_name_hi
Yamuna Nagar,135001,Yamuna Nagar,यमुनानगर
yamunanagar,135001,Yamuna Nagar,यमुनानगर
yamuna nagr,135001,Yamuna Nagar,यमुनानगर
jamuna nagar,135001,Yamuna Nagar,यमुनानगर
ynr,135001,Yamuna Nagar,यमुनानगर
यमुनानगर,135001,Yamuna Nagar,यमुनानगर
यमुना नगर,135001,Yamuna Nagar,यमुनानगर
Jagadhri,135003,Jagadhri,जगाधरी
jagadri,135003,Jagadhri,जगाधरी
jagadhari,135003,Jagadhri,जगाधरी
jagadhary,135003,Jagadhri,जगाधरी
jgdr,135003,Jagadhri,जगाधरी
जगाधरी,135003,Jagadhri,जगाधरी
Jagadhri Workshop,135002,Jagadhri Workshop,जगाधरी वर्कशॉप
jagadri workshop,135002,Jagadhri Workshop,जगाधरी वर्कशॉप
workshop,135002,Jagadhri Workshop,जगाधरी वर्कशॉप
जगाधरी वर्कशॉप,135002,Jagadhri Workshop,जगाधरी वर्कशॉप
Radaur,135002,Radaur,रादौर
radour,135002,Radaur,रादौर
radore,135002,Radaur,रादौर
रादौर,135002,Radaur,रादौर
Bilaspur,135004,Bilaspur,बिलासपुर
bilaspur ynr,135004,Bilaspur,बिलासपुर
बिलासपुर,135004,Bilaspur,बिलासपुर
Chhachhrauli,135021,Chhachhrauli,छछरौली
chhachrauli,135021,Chhachhrauli,छछरौली
chachrauli,135021,Chhachhrauli,छछरौली
chhachhroli,135021,Chhachhrauli,छछरौली
छछरौली,135021,Chhachhrauli,छछरौली
Khizrabad,135021,Khizrabad,खिजराबाद
khijrabad,135021,Khizrabad,खिजराबाद
khizarabad,135021,Khizrabad,खिजराबाद
खिजराबाद,135021,Khizrabad,खिजराबाद
Sadhaura,135071,Sadhaura,साढौरा
sadhora,135071,Sadhaura,साढौरा
sadaura,135071,Sadhaura,साढौरा
साढौरा,135071,Sadhaura,साढौरा
Mustafabad,135053,Mustafabad,मुस्तफाबाद
mustfabad,135053,Mustafabad,मुस्तफाबाद
मुस्तफाबाद,135053,Mustafabad,मुस्तफाबाद
Buria,135130,Buria,बुड़िया
buriya,135130,Buria,बुड़िया
बुड़िया,135130,Buria,बुड़िया
बुडिया,135130,Buria,बुड़िया
Barara,135106,Barara,बराड़ा
बराड़ा,135106,Barara,बराड़ा
Bhud,135052,Bhud,भूड़
Budhera,135078,Budhera,बुढेड़ा
Damla,135051,Damla,दामला
Jathlana,135103,Jathlana,जठलाना
Kalesar,135107,Kalesar,कलेसर
Kamnala,135134,Kamnala,कमनाला
Naharpur,135201,Naharpur,नाहरपुर
Pratapnagar,135202,Pratapnagar,प्रतापनगर
pratap nagar,135202,Pratapnagar,प्रतापनगर
प्रतापनगर,135202,Pratapnagar,प्रतापनगर
Rupar,135102,Rupar,रूपड़
Saha,135133,Saha,साहा
Shahbad,135101,Shahbad,शाहबाद
