term,day_offset,time_window,is_urgent
aaj,0,,false
aj,0,,false
आज,0,,false
today,0,,false
kal,1,,false
कल,1,,false
tomorrow,1,,false
tommorow,1,,false
parso,2,,false
parson,2,,false
परसों,2,,false
day after tomorrow,2,,false
subah,,morning,false
subha,,morning,false
सुबह,,morning,false
morning,,morning,false
dopahar,,afternoon,false
dophar,,afternoon,false
dopehar,,afternoon,false
दोपहर,,afternoon,false
afternoon,,afternoon,false
shaam,,evening,false
sham,,evening,false
शाम,,evening,false
evening,,evening,false
raat,,evening,false
रात,,evening,false
night,,evening,false
abhi,0,,true
abi,0,,true
अभी,0,,true
turant,0,,true
तुरंत,0,,true
now,0,,true
urgent,0,,true
jaldi,0,,true
जल्दी,0,,true
